Strength,Racial_Group,Category,Letters,Mean_per300,SD_per300,CI_lower,CI_upper
Strong,Asian,standout,960,2.7304,1.3178,2.647,2.8139
Strong,Asian,ability,960,1.9172,1.4841,1.8232,2.0112
Strong,Asian,grindstone,960,1.2684,1.08,1.2,1.3368
Strong,Asian,communal,960,6.5882,1.7794,6.4755,6.7009
Strong,Asian,agentic,960,6.6517,2.0717,6.5205,6.7829
Strong,Asian,competitive,960,3.5748,1.5803,3.4747,3.6749
Strong,Black,standout,960,2.8212,1.3431,2.7361,2.9063
Strong,Black,ability,960,2.0414,1.5006,1.9463,2.1364
Strong,Black,grindstone,960,1.2167,1.023,1.1519,1.2815
Strong,Black,communal,960,6.4121,1.7391,6.302,6.5223
Strong,Black,agentic,960,6.7242,2.0469,6.5946,6.8539
Strong,Black,competitive,960,3.5955,1.6131,3.4933,3.6977
Strong,Hawaiian/Pacific Islander,standout,960,2.7676,1.3555,2.6817,2.8534
Strong,Hawaiian/Pacific Islander,ability,960,1.9919,1.4811,1.8981,2.0857
Strong,Hawaiian/Pacific Islander,grindstone,960,1.1803,1.0335,1.1149,1.2458
Strong,Hawaiian/Pacific Islander,communal,960,6.6128,1.7867,6.4997,6.726
Strong,Hawaiian/Pacific Islander,agentic,960,6.6826,1.9537,6.5588,6.8063
Strong,Hawaiian/Pacific Islander,competitive,960,3.4423,1.6196,3.3398,3.5449
Strong,Hispanic/Latinx,standout,960,2.7986,1.3429,2.7136,2.8837
Strong,Hispanic/Latinx,ability,960,1.9508,1.4461,1.8592,2.0424
Strong,Hispanic/Latinx,grindstone,960,1.1905,1.0558,1.1236,1.2573
Strong,Hispanic/Latinx,communal,960,6.6391,1.8005,6.525,6.7531
Strong,Hispanic/Latinx,agentic,960,6.7169,2.0103,6.5895,6.8442
Strong,Hispanic/Latinx,competitive,960,3.6715,1.6362,3.5678,3.7751
Strong,White,standout,960,2.6767,1.2923,2.5948,2.7585
Strong,White,ability,960,2.0075,1.4713,1.9144,2.1007
Strong,White,grindstone,960,1.2729,1.0628,1.2056,1.3402
Strong,White,communal,960,6.6518,1.7121,6.5433,6.7602
Strong,White,agentic,960,6.7778,1.9604,6.6537,6.902
Strong,White,competitive,960,3.6588,1.6639,3.5535,3.7642
Moderate,Asian,standout,960,1.4487,1.1329,1.3769,1.5204
Moderate,Asian,ability,960,2.181,1.6142,2.0787,2.2832
Moderate,Asian,grindstone,960,1.8254,1.4638,1.7327,1.9181
Moderate,Asian,communal,960,5.3141,1.8853,5.1947,5.4335
Moderate,Asian,agentic,960,6.5185,1.9753,6.3934,6.6437
Moderate,Asian,competitive,960,2.7944,1.5427,2.6967,2.8921
Moderate,Black,standout,960,1.5018,1.1309,1.4302,1.5735
Moderate,Black,ability,960,2.1567,1.6217,2.054,2.2594
Moderate,Black,grindstone,960,1.7767,1.3773,1.6895,1.864
Moderate,Black,communal,960,5.0902,1.902,4.9697,5.2106
Moderate,Black,agentic,960,6.648,1.8831,6.5287,6.7673
Moderate,Black,competitive,960,2.9009,1.6259,2.7979,3.0039
Moderate,Hawaiian/Pacific Islander,standout,960,1.6316,1.1932,1.556,1.7072
Moderate,Hawaiian/Pacific Islander,ability,960,2.1468,1.5805,2.0467,2.2469
Moderate,Hawaiian/Pacific Islander,grindstone,960,1.7232,1.4488,1.6314,1.815
Moderate,Hawaiian/Pacific Islander,communal,960,5.2332,1.9255,5.1113,5.3552
Moderate,Hawaiian/Pacific Islander,agentic,960,6.425,1.9803,6.2996,6.5505
Moderate,Hawaiian/Pacific Islander,competitive,960,2.813,1.5214,2.7166,2.9094
Moderate,Hispanic/Latinx,standout,960,1.6132,1.2126,1.5364,1.69
Moderate,Hispanic/Latinx,ability,960,2.1711,1.6161,2.0687,2.2735
Moderate,Hispanic/Latinx,grindstone,960,1.8419,1.4124,1.7525,1.9314
Moderate,Hispanic/Latinx,communal,960,5.3495,1.9171,5.2281,5.4709
Moderate,Hispanic/Latinx,agentic,960,6.4927,1.9404,6.3698,6.6156
Moderate,Hispanic/Latinx,competitive,960,2.9552,1.6325,2.8518,3.0586
Moderate,White,standout,960,1.5834,1.1496,1.5106,1.6562
Moderate,White,ability,960,2.1851,1.6244,2.0822,2.2879
Moderate,White,grindstone,960,1.8567,1.4203,1.7667,1.9466
Moderate,White,communal,960,5.3121,1.985,5.1863,5.4378
Moderate,White,agentic,960,6.6774,2.0036,6.5504,6.8043
Moderate,White,competitive,960,2.9898,1.5605,2.8909,3.0886
Combined,Asian,standout,1920,2.0896,1.3857,2.0275,2.1516
Combined,Asian,ability,1920,2.0491,1.5557,1.9795,2.1187
Combined,Asian,grindstone,1920,1.5469,1.3158,1.488,1.6058
Combined,Asian,communal,1920,5.9512,1.9402,5.8643,6.038
Combined,Asian,agentic,1920,6.5851,2.0246,6.4945,6.6757
Combined,Asian,competitive,1920,3.1846,1.6092,3.1126,3.2567
Combined,Black,standout,1920,2.1615,1.4057,2.0986,2.2244
Combined,Black,ability,1920,2.0991,1.563,2.0291,2.169
Combined,Black,grindstone,1920,1.4967,1.2448,1.441,1.5525
Combined,Black,communal,1920,5.7512,1.9381,5.6644,5.8379
Combined,Black,agentic,1920,6.6861,1.9666,6.5981,6.7741
Combined,Black,competitive,1920,3.2482,1.656,3.1741,3.3223
Combined,Hawaiian/Pacific Islander,standout,1920,2.1996,1.3973,2.137,2.2621
Combined,Hawaiian/Pacific Islander,ability,1920,2.0694,1.5332,2.0007,2.138
Combined,Hawaiian/Pacific Islander,grindstone,1920,1.4517,1.2871,1.3941,1.5094
Combined,Hawaiian/Pacific Islander,communal,1920,5.923,1.9809,5.8344,6.0117
Combined,Hawaiian/Pacific Islander,agentic,1920,6.5538,1.9707,6.4656,6.642
Combined,Hawaiian/Pacific Islander,competitive,1920,3.1277,1.6021,3.056,3.1994
Combined,Hispanic/Latinx,standout,1920,2.2059,1.4098,2.1428,2.269
Combined,Hispanic/Latinx,ability,1920,2.0609,1.537,1.9922,2.1297
Combined,Hispanic/Latinx,grindstone,1920,1.5162,1.2885,1.4585,1.5739
Combined,Hispanic/Latinx,communal,1920,5.9943,1.9679,5.9062,6.0824
Combined,Hispanic/Latinx,agentic,1920,6.6048,1.9783,6.5162,6.6933
Combined,Hispanic/Latinx,competitive,1920,3.3133,1.6728,3.2385,3.3882
Combined,White,standout,1920,2.13,1.3394,2.0701,2.19
Combined,White,ability,1920,2.0963,1.5519,2.0268,2.1658
Combined,White,grindstone,1920,1.5648,1.2876,1.5071,1.6224
Combined,White,communal,1920,5.9819,1.9705,5.8937,6.0701
Combined,White,agentic,1920,6.7276,1.9823,6.6389,6.8163
Combined,White,competitive,1920,3.3243,1.647,3.2506,3.398
