Strength,Racial_Group,Gender,Category,Letters,Mean_per300,SD_per300,CI_lower,CI_upper
Strong,Asian,Female,standout,320,2.721,1.2746,2.5808,2.8612
Strong,Asian,Female,ability,320,1.9922,1.4867,1.8287,2.1557
Strong,Asian,Female,grindstone,320,1.3083,1.1258,1.1845,1.4322
Strong,Asian,Female,communal,320,6.5848,1.758,6.3914,6.7781
Strong,Asian,Female,agentic,320,6.7266,2.1104,6.4945,6.9587
Strong,Asian,Female,competitive,320,3.5808,1.5914,3.4057,3.7558
Strong,Asian,Male,standout,320,2.6418,1.3167,2.497,2.7866
Strong,Asian,Male,ability,320,1.8742,1.4966,1.7096,2.0388
Strong,Asian,Male,grindstone,320,1.323,1.0779,1.2045,1.4416
Strong,Asian,Male,communal,320,6.5015,1.677,6.317,6.6859
Strong,Asian,Male,agentic,320,6.4854,2.0169,6.2636,6.7073
Strong,Asian,Male,competitive,320,3.6596,1.6866,3.4741,3.8451
Strong,Asian,Nonbinary,standout,320,2.8285,1.3583,2.6791,2.9779
Strong,Asian,Nonbinary,ability,320,1.8853,1.4707,1.7236,2.0471
Strong,Asian,Nonbinary,grindstone,320,1.1738,1.0313,1.0604,1.2873
Strong,Asian,Nonbinary,communal,320,6.6784,1.8973,6.4697,6.887
Strong,Asian,Nonbinary,agentic,320,6.743,2.0831,6.5139,6.9721
Strong,Asian,Nonbinary,competitive,320,3.4841,1.4542,3.3242,3.6441
Strong,Black,Female,standout,320,3.0177,1.4446,2.8588,3.1766
Strong,Black,Female,ability,320,2.144,1.4561,1.9839,2.3042
Strong,Black,Female,grindstone,320,1.2385,1.055,1.1224,1.3545
Strong,Black,Female,communal,320,6.2372,1.6495,6.0557,6.4186
Strong,Black,Female,agentic,320,6.9503,2.1039,6.7189,7.1816
Strong,Black,Female,competitive,320,3.7584,1.6373,3.5783,3.9384
Strong,Black,Male,standout,320,2.6322,1.3372,2.4852,2.7793
Strong,Black,Male,ability,320,1.9985,1.4823,1.8355,2.1616
Strong,Black,Male,grindstone,320,1.3225,1.0422,1.2078,1.4371
Strong,Black,Male,communal,320,6.3537,1.8312,6.1523,6.5551
Strong,Black,Male,agentic,320,6.6364,1.9655,6.4202,6.8526
Strong,Black,Male,competitive,320,3.6578,1.6239,3.4792,3.8364
Strong,Black,Nonbinary,standout,320,2.8136,1.214,2.6801,2.9471
Strong,Black,Nonbinary,ability,320,1.9816,1.5608,1.8099,2.1533
Strong,Black,Nonbinary,grindstone,320,1.0893,0.9586,0.9838,1.1947
Strong,Black,Nonbinary,communal,320,6.6456,1.7115,6.4574,6.8339
Strong,Black,Nonbinary,agentic,320,6.5861,2.0562,6.3599,6.8122
Strong,Black,Nonbinary,competitive,320,3.3703,1.5567,3.1991,3.5415
Strong,Hawaiian/Pacific Islander,Female,standout,320,2.8087,1.4755,2.6464,2.971
Strong,Hawaiian/Pacific Islander,Female,ability,320,1.8822,1.4567,1.722,2.0425
Strong,Hawaiian/Pacific Islander,Female,grindstone,320,1.1944,1.051,1.0788,1.31
Strong,Hawaiian/Pacific Islander,Female,communal,320,6.546,1.882,6.339,6.753
Strong,Hawaiian/Pacific Islander,Female,agentic,320,6.676,2.0077,6.4552,6.8968
Strong,Hawaiian/Pacific Islander,Female,competitive,320,3.4846,1.649,3.3032,3.6659
Strong,Hawaiian/Pacific Islander,Male,standout,320,2.6899,1.3193,2.5448,2.835
Strong,Hawaiian/Pacific Islander,Male,ability,320,2.0219,1.4476,1.8627,2.1812
Strong,Hawaiian/Pacific Islander,Male,grindstone,320,1.2762,1.0803,1.1574,1.395
Strong,Hawaiian/Pacific Islander,Male,communal,320,6.6974,1.7697,6.5028,6.8921
Strong,Hawaiian/Pacific Islander,Male,agentic,320,6.7007,1.9718,6.4838,6.9175
Strong,Hawaiian/Pacific Islander,Male,competitive,320,3.5746,1.6497,3.3932,3.756
Strong,Hawaiian/Pacific Islander,Nonbinary,standout,320,2.8041,1.2637,2.6651,2.943
Strong,Hawaiian/Pacific Islander,Nonbinary,ability,320,2.0716,1.5355,1.9027,2.2405
Strong,Hawaiian/Pacific Islander,Nonbinary,grindstone,320,1.0703,0.9582,0.9649,1.1757
Strong,Hawaiian/Pacific Islander,Nonbinary,communal,320,6.595,1.7061,6.4074,6.7826
Strong,Hawaiian/Pacific Islander,Nonbinary,agentic,320,6.671,1.8856,6.4636,6.8784
Strong,Hawaiian/Pacific Islander,Nonbinary,competitive,320,3.2679,1.5477,3.0977,3.4381
Strong,Hispanic/Latinx,Female,standout,320,3.0364,1.352,2.8877,3.1851
Strong,Hispanic/Latinx,Female,ability,320,2.0252,1.4885,1.8615,2.1889
Strong,Hispanic/Latinx,Female,grindstone,320,1.2274,1.0421,1.1128,1.342
Strong,Hispanic/Latinx,Female,communal,320,6.4794,1.7723,6.2845,6.6743
Strong,Hispanic/Latinx,Female,agentic,320,6.891,2.081,6.6621,7.1199
Strong,Hispanic/Latinx,Female,competitive,320,3.7481,1.6824,3.563,3.9331
Strong,Hispanic/Latinx,Male,standout,320,2.6579,1.375,2.5067,2.8092
Strong,Hispanic/Latinx,Male,ability,320,1.9337,1.4611,1.773,2.0944
Strong,Hispanic/Latinx,Male,grindstone,320,1.2878,1.1203,1.1646,1.411
Strong,Hispanic/Latinx,Male,communal,320,6.5038,1.8013,6.3057,6.7019
Strong,Hispanic/Latinx,Male,agentic,320,6.6156,2.0334,6.392,6.8392
Strong,Hispanic/Latinx,Male,competitive,320,3.818,1.612,3.6407,3.9953
Strong,Hispanic/Latinx,Nonbinary,standout,320,2.7016,1.2717,2.5617,2.8415
Strong,Hispanic/Latinx,Nonbinary,ability,320,1.8935,1.3883,1.7408,2.0462
Strong,Hispanic/Latinx,Nonbinary,grindstone,320,1.0562,0.9906,0.9473,1.1652
Strong,Hispanic/Latinx,Nonbinary,communal,320,6.9341,1.7968,6.7364,7.1317
Strong,Hispanic/Latinx,Nonbinary,agentic,320,6.644,1.9072,6.4342,6.8537
Strong,Hispanic/Latinx,Nonbinary,competitive,320,3.4483,1.5944,3.273,3.6237
Strong,White,Female,standout,320,2.8133,1.2913,2.6713,2.9554
Strong,White,Female,ability,320,2.064,1.4451,1.9051,2.223
Strong,White,Female,grindstone,320,1.2628,1.0897,1.1429,1.3826
Strong,White,Female,communal,320,6.4769,1.6248,6.2982,6.6556
Strong,White,Female,agentic,320,6.7964,1.9018,6.5872,7.0056
Strong,White,Female,competitive,320,3.7242,1.6415,3.5436,3.9047
Strong,White,Male,standout,320,2.5778,1.3702,2.4271,2.7285
Strong,White,Male,ability,320,2.0097,1.5239,1.8421,2.1773
Strong,White,Male,grindstone,320,1.424,1.087,1.3044,1.5435
Strong,White,Male,communal,320,6.6476,1.7314,6.4572,6.8381
Strong,White,Male,agentic,320,6.8937,2.0451,6.6688,7.1186
Strong,White,Male,competitive,320,3.7677,1.7086,3.5798,3.9556
Strong,White,Nonbinary,standout,320,2.6388,1.2025,2.5066,2.7711
Strong,White,Nonbinary,ability,320,1.9489,1.4459,1.7899,2.1079
Strong,White,Nonbinary,grindstone,320,1.1319,0.9919,1.0228,1.241
Strong,White,Nonbinary,communal,320,6.8308,1.7641,6.6368,7.0248
Strong,White,Nonbinary,agentic,320,6.6434,1.9294,6.4312,6.8556
Strong,White,Nonbinary,competitive,320,3.4846,1.6319,3.3051,3.6641
Moderate,Asian,Female,standout,320,1.4571,1.112,1.3348,1.5794
Moderate,Asian,Female,ability,320,2.147,1.601,1.9709,2.3231
Moderate,Asian,Female,grindstone,320,2.0765,1.5673,1.9042,2.2489
Moderate,Asian,Female,communal,320,5.2723,1.8947,5.064,5.4807
Moderate,Asian,Female,agentic,320,6.6457,1.9942,6.4263,6.865
Moderate,Asian,Female,competitive,320,2.8079,1.5215,2.6406,2.9753
Moderate,Asian,Male,standout,320,1.3856,1.0865,1.2661,1.5051
Moderate,Asian,Male,ability,320,2.1373,1.6134,1.9599,2.3147
Moderate,Asian,Male,grindstone,320,1.9056,1.5127,1.7393,2.072
Moderate,Asian,Male,communal,320,5.2569,1.8913,5.0489,5.4649
Moderate,Asian,Male,agentic,320,6.5757,1.9016,6.3666,6.7849
Moderate,Asian,Male,competitive,320,2.7889,1.5478,2.6187,2.9591
Moderate,Asian,Nonbinary,standout,320,1.5033,1.1976,1.3716,1.635
Moderate,Asian,Nonbinary,ability,320,2.2586,1.6302,2.0793,2.4379
Moderate,Asian,Nonbinary,grindstone,320,1.4941,1.2317,1.3586,1.6296
Moderate,Asian,Nonbinary,communal,320,5.4131,1.8716,5.2073,5.6189
Moderate,Asian,Nonbinary,agentic,320,6.3343,2.0207,6.112,6.5565
Moderate,Asian,Nonbinary,competitive,320,2.7865,1.5632,2.6145,2.9584
Moderate,Black,Female,standout,320,1.5176,1.1409,1.3921,1.643
Moderate,Black,Female,ability,320,2.02,1.5918,1.8449,2.1951
Moderate,Black,Female,grindstone,320,2.0998,1.4448,1.9409,2.2587
Moderate,Black,Female,communal,320,5.0605,1.8679,4.855,5.2659
Moderate,Black,Female,agentic,320,6.8429,1.8629,6.638,7.0478
Moderate,Black,Female,competitive,320,3.1242,1.6202,2.946,3.3024
Moderate,Black,Male,standout,320,1.5029,1.059,1.3864,1.6194
Moderate,Black,Male,ability,320,2.171,1.6369,1.991,2.351
Moderate,Black,Male,grindstone,320,1.6785,1.3637,1.5285,1.8285
Moderate,Black,Male,communal,320,4.8,1.8322,4.5985,5.0015
Moderate,Black,Male,agentic,320,6.3563,1.7868,6.1597,6.5528
Moderate,Black,Male,competitive,320,2.7349,1.4759,2.5725,2.8972
Moderate,Black,Nonbinary,standout,320,1.4851,1.1922,1.3539,1.6162
Moderate,Black,Nonbinary,ability,320,2.2792,1.6307,2.0998,2.4585
Moderate,Black,Nonbinary,grindstone,320,1.5519,1.2613,1.4132,1.6906
Moderate,Black,Nonbinary,communal,320,5.41,1.96,5.1945,5.6256
Moderate,Black,Nonbinary,agentic,320,6.7448,1.9658,6.5286,6.961
Moderate,Black,Nonbinary,competitive,320,2.8436,1.7501,2.6511,3.0361
Moderate,Hawaiian/Pacific Islander,Female,standout,320,1.604,1.1353,1.4792,1.7289
Moderate,Hawaiian/Pacific Islander,Female,ability,320,2.1493,1.5701,1.9766,2.3219
Moderate,Hawaiian/Pacific Islander,Female,grindstone,320,2.0055,1.4755,1.8432,2.1678
Moderate,Hawaiian/Pacific Islander,Female,communal,320,5.3213,1.9917,5.1022,5.5403
Moderate,Hawaiian/Pacific Islander,Female,agentic,320,6.5871,1.9757,6.3698,6.8044
Moderate,Hawaiian/Pacific Islander,Female,competitive,320,2.7985,1.5163,2.6318,2.9653
Moderate,Hawaiian/Pacific Islander,Male,standout,320,1.6496,1.2077,1.5168,1.7824
Moderate,Hawaiian/Pacific Islander,Male,ability,320,2.0465,1.5492,1.8761,2.2169
Moderate,Hawaiian/Pacific Islander,Male,grindstone,320,1.6772,1.436,1.5193,1.8352
Moderate,Hawaiian/Pacific Islander,Male,communal,320,5.1489,1.915,4.9382,5.3595
Moderate,Hawaiian/Pacific Islander,Male,agentic,320,6.3119,1.9393,6.0986,6.5252
Moderate,Hawaiian/Pacific Islander,Male,competitive,320,2.7838,1.5731,2.6108,2.9568
Moderate,Hawaiian/Pacific Islander,Nonbinary,standout,320,1.6412,1.2375,1.5051,1.7773
Moderate,Hawaiian/Pacific Islander,Nonbinary,ability,320,2.2447,1.6202,2.0665,2.4229
Moderate,Hawaiian/Pacific Islander,Nonbinary,grindstone,320,1.4869,1.3904,1.3339,1.6398
Moderate,Hawaiian/Pacific Islander,Nonbinary,communal,320,5.2295,1.8698,5.0239,5.4352
Moderate,Hawaiian/Pacific Islander,Nonbinary,agentic,320,6.3762,2.0208,6.1539,6.5984
Moderate,Hawaiian/Pacific Islander,Nonbinary,competitive,320,2.8567,1.4769,2.6943,3.0191
Moderate,Hispanic/Latinx,Female,standout,320,1.6923,1.2495,1.5549,1.8298
Moderate,Hispanic/Latinx,Female,ability,320,2.0363,1.6285,1.8572,2.2154
Moderate,Hispanic/Latinx,Female,grindstone,320,2.0748,1.4713,1.913,2.2366
Moderate,Hispanic/Latinx,Female,communal,320,5.3704,1.8981,5.1617,5.5792
Moderate,Hispanic/Latinx,Female,agentic,320,6.6388,1.9592,6.4234,6.8543
Moderate,Hispanic/Latinx,Female,competitive,320,3.0786,1.6476,2.8974,3.2598
Moderate,Hispanic/Latinx,Male,standout,320,1.5105,1.1592,1.3831,1.638
Moderate,Hispanic/Latinx,Male,ability,320,2.165,1.5748,1.9918,2.3382
Moderate,Hispanic/Latinx,Male,grindstone,320,1.8576,1.3912,1.7046,2.0106
Moderate,Hispanic/Latinx,Male,communal,320,5.4159,1.9164,5.2052,5.6267
Moderate,Hispanic/Latinx,Male,agentic,320,6.3167,1.8477,6.1135,6.5199
Moderate,Hispanic/Latinx,Male,competitive,320,2.9543,1.6444,2.7734,3.1351
Moderate,Hispanic/Latinx,Nonbinary,standout,320,1.6366,1.224,1.502,1.7712
Moderate,Hispanic/Latinx,Nonbinary,ability,320,2.312,1.6375,2.1319,2.4921
Moderate,Hispanic/Latinx,Nonbinary,grindstone,320,1.5934,1.3343,1.4466,1.7401
Moderate,Hispanic/Latinx,Nonbinary,communal,320,5.2621,1.9393,5.0488,5.4754
Moderate,Hispanic/Latinx,Nonbinary,agentic,320,6.5225,2.0034,6.3022,6.7429
Moderate,Hispanic/Latinx,Nonbinary,competitive,320,2.8327,1.6011,2.6566,3.0088
Moderate,White,Female,standout,320,1.6564,1.1635,1.5285,1.7844
Moderate,White,Female,ability,320,2.1627,1.6955,1.9762,2.3492
Moderate,White,Female,grindstone,320,1.9479,1.4484,1.7886,2.1072
Moderate,White,Female,communal,320,5.4781,2.071,5.2504,5.7059
Moderate,White,Female,agentic,320,6.5366,1.9488,6.3223,6.751
Moderate,White,Female,competitive,320,3.0451,1.5402,2.8757,3.2145
Moderate,White,Male,standout,320,1.5422,1.1083,1.4203,1.6641
Moderate,White,Male,ability,320,2.1654,1.642,1.9848,2.346
Moderate,White,Male,grindstone,320,1.9755,1.4757,1.8132,2.1378
Moderate,White,Male,communal,320,5.1082,1.8253,4.9075,5.309
Moderate,White,Male,agentic,320,6.6617,2.0264,6.4388,6.8845
Moderate,White,Male,competitive,320,3.0099,1.5402,2.8406,3.1793
Moderate,White,Nonbinary,standout,320,1.5517,1.1761,1.4223,1.681
Moderate,White,Nonbinary,ability,320,2.2271,1.536,2.0581,2.396
Moderate,White,Nonbinary,grindstone,320,1.6466,1.3122,1.5022,1.7909
Moderate,White,Nonbinary,communal,320,5.3498,2.0381,5.1257,5.574
Moderate,White,Nonbinary,agentic,320,6.8338,2.0297,6.6105,7.057
Moderate,White,Nonbinary,competitive,320,2.9143,1.6023,2.7381,3.0905
Combined,Asian,Female,standout,640,2.0891,1.3522,1.9841,2.194
Combined,Asian,Female,ability,640,2.0696,1.5457,1.9496,2.1896
Combined,Asian,Female,grindstone,640,1.6924,1.4166,1.5825,1.8024
Combined,Asian,Female,communal,640,5.9286,1.9407,5.7779,6.0792
Combined,Asian,Female,agentic,640,6.6861,2.0519,6.5268,6.8454
Combined,Asian,Female,competitive,640,3.1943,1.603,3.0699,3.3188
Combined,Asian,Male,standout,640,2.0137,1.3601,1.9081,2.1193
Combined,Asian,Male,ability,640,2.0057,1.5604,1.8846,2.1269
Combined,Asian,Male,grindstone,640,1.6143,1.3444,1.51,1.7187
Combined,Asian,Male,communal,640,5.8792,1.8915,5.7323,6.026
Combined,Asian,Male,agentic,640,6.5306,1.9591,6.3785,6.6826
Combined,Asian,Male,competitive,640,3.2243,1.6751,3.0942,3.3543
Combined,Asian,Nonbinary,standout,640,2.1659,1.4411,2.054,2.2778
Combined,Asian,Nonbinary,ability,640,2.072,1.5625,1.9507,2.1932
Combined,Asian,Nonbinary,grindstone,640,1.334,1.1463,1.245,1.4229
Combined,Asian,Nonbinary,communal,640,6.0457,1.9866,5.8915,6.1999
Combined,Asian,Nonbinary,agentic,640,6.5386,2.0607,6.3787,6.6986
Combined,Asian,Nonbinary,competitive,640,3.1353,1.5484,3.0151,3.2555
Combined,Black,Female,standout,640,2.2676,1.5017,2.1511,2.3842
Combined,Black,Female,ability,640,2.082,1.5255,1.9636,2.2004
Combined,Black,Female,grindstone,640,1.6692,1.3355,1.5655,1.7728
Combined,Black,Female,communal,640,5.6488,1.8566,5.5047,5.7929
Combined,Black,Female,agentic,640,6.8966,1.9863,6.7424,7.0508
Combined,Black,Female,competitive,640,3.4413,1.6582,3.3126,3.57
Combined,Black,Male,standout,640,2.0676,1.3311,1.9642,2.1709
Combined,Black,Male,ability,640,2.0848,1.5627,1.9635,2.2061
Combined,Black,Male,grindstone,640,1.5005,1.2257,1.4053,1.5956
Combined,Black,Male,communal,640,5.5768,1.9885,5.4225,5.7312
Combined,Black,Male,agentic,640,6.4963,1.882,6.3502,6.6424
Combined,Black,Male,competitive,640,3.1964,1.6178,3.0708,3.3219
Combined,Black,Nonbinary,standout,640,2.1493,1.3738,2.0427,2.256
Combined,Black,Nonbinary,ability,640,2.1304,1.6018,2.0061,2.2547
Combined,Black,Nonbinary,grindstone,640,1.3206,1.143,1.2319,1.4093
Combined,Black,Nonbinary,communal,640,6.0278,1.9397,5.8773,6.1784
Combined,Black,Nonbinary,agentic,640,6.6654,2.0115,6.5093,6.8216
Combined,Black,Nonbinary,competitive,640,3.107,1.6758,2.9769,3.237
Combined,Hawaiian/Pacific Islander,Female,standout,640,2.2064,1.447,2.0941,2.3187
Combined,Hawaiian/Pacific Islander,Female,ability,640,2.0157,1.5192,1.8978,2.1337
Combined,Hawaiian/Pacific Islander,Female,grindstone,640,1.5999,1.3427,1.4957,1.7042
Combined,Hawaiian/Pacific Islander,Female,communal,640,5.9337,2.0308,5.776,6.0913
Combined,Hawaiian/Pacific Islander,Female,agentic,640,6.6316,1.9907,6.477,6.7861
Combined,Hawaiian/Pacific Islander,Female,competitive,640,3.1416,1.6196,3.0158,3.2673
Combined,Hawaiian/Pacific Islander,Male,standout,640,2.1698,1.3667,2.0637,2.2759
Combined,Hawaiian/Pacific Islander,Male,ability,640,2.0342,1.4981,1.9179,2.1505
Combined,Hawaiian/Pacific Islander,Male,grindstone,640,1.4767,1.2854,1.3769,1.5765
Combined,Hawaiian/Pacific Islander,Male,communal,640,5.9231,1.9987,5.768,6.0783
Combined,Hawaiian/Pacific Islander,Male,agentic,640,6.5063,1.9637,6.3539,6.6587
Combined,Hawaiian/Pacific Islander,Male,competitive,640,3.1792,1.6585,3.0505,3.3079
Combined,Hawaiian/Pacific Islander,Nonbinary,standout,640,2.2226,1.3785,2.1156,2.3296
Combined,Hawaiian/Pacific Islander,Nonbinary,ability,640,2.1581,1.5795,2.0355,2.2807
Combined,Hawaiian/Pacific Islander,Nonbinary,grindstone,640,1.2786,1.2112,1.1846,1.3726
Combined,Hawaiian/Pacific Islander,Nonbinary,communal,640,5.9123,1.9145,5.7637,6.0609
Combined,Hawaiian/Pacific Islander,Nonbinary,agentic,640,6.5236,1.9585,6.3716,6.6756
Combined,Hawaiian/Pacific Islander,Nonbinary,competitive,640,3.0623,1.5254,2.9439,3.1807
Combined,Hispanic/Latinx,Female,standout,640,2.3644,1.4643,2.2507,2.478
Combined,Hispanic/Latinx,Female,ability,640,2.0307,1.5589,1.9097,2.1517
Combined,Hispanic/Latinx,Female,grindstone,640,1.6511,1.3426,1.5469,1.7553
Combined,Hispanic/Latinx,Female,communal,640,5.9249,1.9169,5.7761,6.0737
Combined,Hispanic/Latinx,Female,agentic,640,6.7649,2.0234,6.6079,6.922
Combined,Hispanic/Latinx,Female,competitive,640,3.4133,1.6972,3.2816,3.545
Combined,Hispanic/Latinx,Male,standout,640,2.0842,1.3944,1.976,2.1925
Combined,Hispanic/Latinx,Male,ability,640,2.0494,1.5222,1.9312,2.1675
Combined,Hispanic/Latinx,Male,grindstone,640,1.5727,1.2939,1.4723,1.6731
Combined,Hispanic/Latinx,Male,communal,640,5.9599,1.9364,5.8095,6.1102
Combined,Hispanic/Latinx,Male,agentic,640,6.4662,1.947,6.315,6.6173
Combined,Hispanic/Latinx,Male,competitive,640,3.3861,1.6834,3.2555,3.5168
Combined,Hispanic/Latinx,Nonbinary,standout,640,2.1691,1.3562,2.0638,2.2744
Combined,Hispanic/Latinx,Nonbinary,ability,640,2.1027,1.5312,1.9839,2.2216
Combined,Hispanic/Latinx,Nonbinary,grindstone,640,1.3248,1.2046,1.2313,1.4183
Combined,Hispanic/Latinx,Nonbinary,communal,640,6.0981,2.0468,5.9392,6.2569
Combined,Hispanic/Latinx,Nonbinary,agentic,640,6.5833,1.9553,6.4315,6.735
Combined,Hispanic/Latinx,Nonbinary,competitive,640,3.1405,1.626,3.0143,3.2667
Combined,White,Female,standout,640,2.2349,1.3577,2.1295,2.3403
Combined,White,Female,ability,640,2.1134,1.5748,1.9911,2.2356
Combined,White,Female,grindstone,640,1.6053,1.3257,1.5024,1.7082
Combined,White,Female,communal,640,5.9775,1.9258,5.828,6.127
Combined,White,Female,agentic,640,6.6665,1.9284,6.5168,6.8162
Combined,White,Female,competitive,640,3.3846,1.6263,3.2584,3.5109
Combined,White,Male,standout,640,2.06,1.3487,1.9553,2.1647
Combined,White,Male,ability,640,2.0875,1.5847,1.9645,2.2105
Combined,White,Male,grindstone,640,1.6998,1.3241,1.597,1.8025
Combined,White,Male,communal,640,5.8779,1.9373,5.7276,6.0283
Combined,White,Male,agentic,640,6.7777,2.0375,6.6195,6.9358
Combined,White,Male,competitive,640,3.3888,1.6689,3.2593,3.5184
Combined,White,Nonbinary,standout,640,2.0953,1.307,1.9938,2.1967
Combined,White,Nonbinary,ability,640,2.088,1.497,1.9718,2.2042
Combined,White,Nonbinary,grindstone,640,1.3892,1.1904,1.2968,1.4816
Combined,White,Nonbinary,communal,640,6.0903,2.0436,5.9317,6.2489
Combined,White,Nonbinary,agentic,640,6.7386,1.9809,6.5848,6.8924
Combined,White,Nonbinary,competitive,640,3.1995,1.6409,3.0721,3.3268
